{
  "ret_code": 200,
  "data": [
  {
    "id": 1,
    "application": "tars",
    "server_name": "tarsconfig",
    "node_name": "172.16.0.161",
    "adapter_name": "tars.tarsconfig.ConfigObjAdapter",
    "thread_num": 10,
    "endpoint": "tcp -h 172.16.0.161 -t 60000 -p 10001",
    "max_connections": 200000,
    "allow_ip": "",
    "servant": "tars.tarsconfig.ConfigObj",
    "queuecap": 10000,
    "queuetimeout": 60000,
    "posttime": "2015-11-28 11:16:26",
    "protocol": "tars",
    "handlegroup": ""
  },{
    "id": 2,
    "application": "tars",
    "server_name": "tarsconfig",
    "node_name": "172.16.0.161",
    "adapter_name": "tars.tarsconfig.ConfigObjAdapter",
    "thread_num": 10,
    "endpoint": "tcp -h 172.16.0.161 -t 60000 -p 10001",
    "max_connections": 200000,
    "allow_ip": "",
    "servant": "tars.ConfigObjAdapter.ConfigObjAdapter",
    "queuecap": 10000,
    "queuetimeout": 60000,
    "posttime": "2015-11-28 11:16:26",
    "protocol": "tars",
    "handlegroup": ""
  }]
}