{
  "ret_code": 200,
  "data": [
  {
    "id": 17,
    "server_name": "TestApp.HelloServer",
    "node_name": "",
    "set_name": "",
    "set_area": "",
    "set_group": "",
    "filename": "111",
    "config": "222",
    "posttime": "2018-01-26 10:48:44",
    "level": 2
  },
  {
    "id": 24,
    "server_name": "TestApp.HelloServer",
    "node_name": "",
    "set_name": "setname",
    "set_area": "setarea",
    "set_group": "1",
    "filename": "asdas",
    "config": "a1s1d1a1s1d",
    "posttime": "2018-02-28 16:14:42",
    "level": 2
  }]
}