{
  "ret_code": 200,
  "data": [
    {
      "id": 64,
      "application": "appHw",
      "server_name": "serverHw",
      "node_name": "234.234.234.234",
      "server_type": "tars_cpp",
      "enable_set": true,
      "set_name": "setname",
      "set_area": "setarea",
      "set_group": "0802",
      "setting_state": "inactive",
      "present_state": "inactive",
      "bak_flag": false,
      "template_name": "tars.default",
      "profile": null,
      "async_thread_num": 3,
      "base_path": "",
      "exe_path": "",
      "start_script_path": null,
      "stop_script_path": null,
      "monitor_script_path": null,
      "patch_time": "0000:00:00 00:00:00",
      "patch_version": "",
      "process_id": 0,
      "posttime": "0000:00:00 00:00:00"
    },
    {
      "id": 63,
      "application": "appHw",
      "server_name": "serverHw",
      "node_name": "123.123.123.123",
      "server_type": "tars_cpp",
      "enable_set": true,
      "set_name": "setname",
      "set_area": "setarea",
      "set_group": "0802",
      "setting_state": "inactive",
      "present_state": "inactive",
      "bak_flag": false,
      "template_name": "tars.default",
      "profile": null,
      "async_thread_num": 3,
      "base_path": "",
      "exe_path": "",
      "start_script_path": null,
      "stop_script_path": null,
      "monitor_script_path": null,
      "patch_time": "0000:00:00 00:00:00",
      "patch_version": "",
      "process_id": 0,
      "posttime": "0000:00:00 00:00:00"
    }
  ]
}