{
  "ret_code": 200,
  "data": [
  {
    "id": 18,
    "server_name": "TestApp.HelloServer",
    "node_name": "172.16.0.161",
    "set_name": "",
    "set_area": "",
    "set_group": "",
    "filename": "111",
    "config": "",
    "posttime": "2018-01-26 10:48:44",
    "level": 3
  },
  {
    "id": 19,
    "server_name": "TestApp.HelloServer",
    "node_name": "172.16.0.161",
    "set_name": "",
    "set_area": "",
    "set_group": "",
    "filename": "111",
    "config": "",
    "posttime": "2018-01-26 10:48:44",
    "level": 3
  },
  {
    "id": 20,
    "server_name": "TestApp.HelloServer",
    "node_name": "172.16.0.161",
    "set_name": "",
    "set_area": "",
    "set_group": "",
    "filename": "111",
    "config": "",
    "posttime": "2018-01-26 10:48:44",
    "level": 3
  }]
}