{
  "ret_code": 200,
  "data": [
  {
    "application": "tars",
    "server_name": "tarsnotify",
    "node_name": "172.16.0.161",
    "ret_code": 0,
    "err_msg": "notifyServer [tars.tarsnotify] 'tars.connection' succ:[notify prefix object num:1]\n[1]:==================================================\n--------------------------------------------------\n[adater:AdminAdapter] [connections:1]        \nconn-uid       ip:port                  last-time                timeout   \n608222745      127.0.0.1:54154          2018-03-30 10:59:00      3         \n--------------------------------------------------\n[adater:tars.tarsnotify.NotifyObjAdapter] [connections:1]                            \nconn-uid       ip:port                  last-time                timeout   \n608222746      172.16.0.161:33646       2018-03-30 10:58:57      60        \n==================================================\n\n"
  }]
}
