{
  "ret_code": 200,
  "data": [
  {
    "notifytime": "2017-10-12 18:44:48",
    "server_id": "tars.tarsconfig_172.16.0.161",
    "thread_id": "140492304221984",
    "command": null,
    "result": "restart"
  },
  {
    "notifytime": "2017-10-12 18:43:40",
    "server_id": "tars.tarsconfig_172.16.0.161",
    "thread_id": "140400143623968",
    "command": null,
    "result": "exit: [TC_Socket::bind] bind '127.0.0.1:10001' error :Address already in use"
  },
  {
    "notifytime": "2017-10-12 18:43:40",
    "server_id": "tars.tarsconfig_172.16.0.161",
    "thread_id": "140400143623968",
    "command": null,
    "result": "stop"
  },
  {
    "notifytime": "2017-10-12 18:42:55",
    "server_id": "tars.tarsconfig_172.16.0.161",
    "thread_id": "140660433696544",
    "command": null,
    "result": "exit: [TC_Socket::bind] bind '127.0.0.1:10001' error :Address already in use"
  },
  {
    "notifytime": "2017-10-12 18:42:55",
    "server_id": "tars.tarsconfig_172.16.0.161",
    "thread_id": "140660433696544",
    "command": null,
    "result": "stop"
  },
  {
    "notifytime": "2017-10-12 18:38:27",
    "server_id": "tars.tarsconfig_172.16.0.161",
    "thread_id": "",
    "command": null,
    "result": "[alarm] down, server is inactive"
  },
  {
    "notifytime": "2017-10-12 18:38:27",
    "server_id": "tars.tarsconfig_172.16.0.161",
    "thread_id": "140097323849504",
    "command": null,
    "result": "exit: [TC_Socket::bind] bind '127.0.0.1:10001' error :Address already in use"
  },
  {
    "notifytime": "2017-10-12 18:38:27",
    "server_id": "tars.tarsconfig_172.16.0.161",
    "thread_id": "140097323849504",
    "command": null,
    "result": "stop"
  }]
}
