{
  "ret_code": 200,
  "data": [
  {
    "id": 20,
    "application": "tars",
    "server_name": "tarsnotify",
    "node_name": "172.16.0.161",
    "server_type": "tars_cpp",
    "enable_set": false,
    "set_name": "asdsa",
    "set_area": "asdas",
    "set_group": "",
    "setting_state": "active",
    "present_state": "active",
    "bak_flag": false,
    "template_name": "tars.tarsnotify",
    "profile": "",
    "async_thread_num": 3,
    "base_path": "",
    "exe_path": "",
    "start_script_path": "",
    "stop_script_path": "",
    "monitor_script_path": "",
    "patch_time": "2015-11-28 22:26:40",
    "patch_version": "47",
    "process_id": 11127,
    "posttime": "2015-11-28 21:48:13"
  },
    {
    "id": 21,
    "application": "tars",
    "server_name": "tarsnotify",
    "node_name": "172.16.0.161",
    "server_type": "tars_cpp",
    "enable_set": true,
    "set_name": "tars",
    "set_area": "asdas",
    "set_group": "tarsnotify",
    "setting_state": "active",
    "present_state": "off",
    "bak_flag": false,
    "template_name": "tars.tarsnotify",
    "profile": "",
    "async_thread_num": 3,
    "base_path": "",
    "exe_path": "",
    "start_script_path": "",
    "stop_script_path": "",
    "monitor_script_path": "",
    "patch_time": "2015-11-28 22:26:40",
    "patch_version": "47",
    "process_id": 11127,
    "posttime": "2015-11-28 21:48:13"
  }]
}
