{
  "ret_code": 200,
  "data":
  {
    "id": 37,
    "application": "a",
    "server_name": "cc",
    "node_name": "1.1.1.1",
    "server_type": "tars_cpp",
    "enable_set": false,
    "set_name": null,
    "set_area": null,
    "set_group": null,
    "setting_state": "inactive",
    "present_state": "inactive",
    "bak_flag": false,
    "template_name": "tars.default",
    "profile": null,
    "async_thread_num": 3,
    "base_path": "",
    "exe_path": "",
    "start_script_path": null,
    "stop_script_path": null,
    "monitor_script_path": null,
    "patch_time": "0000:00:00 00:00:00",
    "patch_version": "",
    "process_id": 0,
    "posttime": "2018-03-26 20:29:54"
  }
}
