{
    "ret_code": 200,
    "data": [
        {
            "show_date": null,
            "show_time": "0005",
            "master_name": "%",
            "master_ip": "%",
            "property_name": "%",
            "policy": "%",
            "the_value": "323541.167",
            "pre_value": "323881"
        },
        {
            "show_date": null,
            "show_time": "0010",
            "master_name": "%",
            "master_ip": "%",
            "property_name": "%",
            "policy": "%",
            "the_value": "323541.5",
            "pre_value": "323881"
        },
        {
            "show_date": null,
            "show_time": "0015",
            "master_name": "%",
            "master_ip": "%",
            "property_name": "%",
            "policy": "%",
            "the_value": "323541",
            "pre_value": "323881"
        },
        {
            "show_date": null,
            "show_time": "0020",
            "master_name": "%",
            "master_ip": "%",
            "property_name": "%",
            "policy": "%",
            "the_value": "323541.4",
            "pre_value": "323881"
        },
        {
            "show_date": null,
            "show_time": "0025",
            "master_name": "%",
            "master_ip": "%",
            "property_name": "%",
            "policy": "%",
            "the_value": "323541",
            "pre_value": "323881"
        },
        {
            "show_date": null,
            "show_time": "0030",
            "master_name": "%",
            "master_ip": "%",
            "property_name": "%",
            "policy": "%",
            "the_value": "323541.533",
            "pre_value": "323881"
        },
        {
            "show_date": null,
            "show_time": "0035",
            "master_name": "%",
            "master_ip": "%",
            "property_name": "%",
            "policy": "%",
            "the_value": "323541",
            "pre_value": "323881"
        },
        {
            "show_date": null,
            "show_time": "0040",
            "master_name": "%",
            "master_ip": "%",
            "property_name": "%",
            "policy": "%",
            "the_value": "323541",
            "pre_value": "323881.167"
        },
        {
            "show_date": null,
            "show_time": "0045",
            "master_name": "%",
            "master_ip": "%",
            "property_name": "%",
            "policy": "%",
            "the_value": "323541",
            "pre_value": "323881"
        },
        {
            "show_date": null,
            "show_time": "0050",
            "master_name": "%",
            "master_ip": "%",
            "property_name": "%",
            "policy": "%",
            "the_value": "323541",
            "pre_value": "323881.333"
        },
        {
            "show_date": null,
            "show_time": "0055",
            "master_name": "%",
            "master_ip": "%",
            "property_name": "%",
            "policy": "%",
            "the_value": "323541",
            "pre_value": "323881"
        },
        {
            "show_date": null,
            "show_time": "0060",
            "master_name": "%",
            "master_ip": "%",
            "property_name": "%",
            "policy": "%",
            "the_value": "323545.333",
            "pre_value": "323881.4"
        },
        {
            "show_date": null,
            "show_time": "0105",
            "master_name": "%",
            "master_ip": "%",
            "property_name": "%",
            "policy": "%",
            "the_value": "323545",
            "pre_value": "323881"
        },
        {
            "show_date": null,
            "show_time": "0110",
            "master_name": "%",
            "master_ip": "%",
            "property_name": "%",
            "policy": "%",
            "the_value": "323545.4",
            "pre_value": "323881.2"
        },
        {
            "show_date": null,
            "show_time": "0115",
            "master_name": "%",
            "master_ip": "%",
            "property_name": "%",
            "policy": "%",
            "the_value": "323549",
            "pre_value": "323881.167"
        },
        {
            "show_date": null,
            "show_time": "0120",
            "master_name": "%",
            "master_ip": "%",
            "property_name": "%",
            "policy": "%",
            "the_value": "323549.2",
            "pre_value": "323881.167"
        },
        {
            "show_date": null,
            "show_time": "0125",
            "master_name": "%",
            "master_ip": "%",
            "property_name": "%",
            "policy": "%",
            "the_value": "323549.167",
            "pre_value": "323881.333"
        },
        {
            "show_date": null,
            "show_time": "0130",
            "master_name": "%",
            "master_ip": "%",
            "property_name": "%",
            "policy": "%",
            "the_value": "323549",
            "pre_value": "323881"
        },
        {
            "show_date": null,
            "show_time": "0135",
            "master_name": "%",
            "master_ip": "%",
            "property_name": "%",
            "policy": "%",
            "the_value": "323549",
            "pre_value": "323881"
        },
        {
            "show_date": null,
            "show_time": "0140",
            "master_name": "%",
            "master_ip": "%",
            "property_name": "%",
            "policy": "%",
            "the_value": "323549",
            "pre_value": "323881.167"
        },
        {
            "show_date": null,
            "show_time": "0145",
            "master_name": "%",
            "master_ip": "%",
            "property_name": "%",
            "policy": "%",
            "the_value": "323549",
            "pre_value": "323881.367"
        },
        {
            "show_date": null,
            "show_time": "0150",
            "master_name": "%",
            "master_ip": "%",
            "property_name": "%",
            "policy": "%",
            "the_value": "323549.2",
            "pre_value": "323881.333"
        },
        {
            "show_date": null,
            "show_time": "0155",
            "master_name": "%",
            "master_ip": "%",
            "property_name": "%",
            "policy": "%",
            "the_value": "323549",
            "pre_value": "323881"
        },
        {
            "show_date": null,
            "show_time": "0160",
            "master_name": "%",
            "master_ip": "%",
            "property_name": "%",
            "policy": "%",
            "the_value": "323549.167",
            "pre_value": "323881.167"
        },
        {
            "show_date": null,
            "show_time": "0205",
            "master_name": "%",
            "master_ip": "%",
            "property_name": "%",
            "policy": "%",
            "the_value": "323549.2",
            "pre_value": "323881"
        },
        {
            "show_date": null,
            "show_time": "0210",
            "master_name": "%",
            "master_ip": "%",
            "property_name": "%",
            "policy": "%",
            "the_value": "323549.45",
            "pre_value": "323881.333"
        },
        {
            "show_date": null,
            "show_time": "0215",
            "master_name": "%",
            "master_ip": "%",
            "property_name": "%",
            "policy": "%",
            "the_value": "323549",
            "pre_value": "323881.333"
        },
        {
            "show_date": null,
            "show_time": "0220",
            "master_name": "%",
            "master_ip": "%",
            "property_name": "%",
            "policy": "%",
            "the_value": "323549",
            "pre_value": "323881"
        },
        {
            "show_date": null,
            "show_time": "0225",
            "master_name": "%",
            "master_ip": "%",
            "property_name": "%",
            "policy": "%",
            "the_value": "323549",
            "pre_value": "323881"
        },
        {
            "show_date": null,
            "show_time": "0230",
            "master_name": "%",
            "master_ip": "%",
            "property_name": "%",
            "policy": "%",
            "the_value": "323549.167",
            "pre_value": "323881"
        },
        {
            "show_date": null,
            "show_time": "0235",
            "master_name": "%",
            "master_ip": "%",
            "property_name": "%",
            "policy": "%",
            "the_value": "323549",
            "pre_value": "323885"
        },
        {
            "show_date": null,
            "show_time": "0240",
            "master_name": "%",
            "master_ip": "%",
            "property_name": "%",
            "policy": "%",
            "the_value": "323549",
            "pre_value": "323885"
        },
        {
            "show_date": null,
            "show_time": "0245",
            "master_name": "%",
            "master_ip": "%",
            "property_name": "%",
            "policy": "%",
            "the_value": "323549.167",
            "pre_value": "323885.167"
        },
        {
            "show_date": null,
            "show_time": "0250",
            "master_name": "%",
            "master_ip": "%",
            "property_name": "%",
            "policy": "%",
            "the_value": "323549",
            "pre_value": "323885"
        },
        {
            "show_date": null,
            "show_time": "0255",
            "master_name": "%",
            "master_ip": "%",
            "property_name": "%",
            "policy": "%",
            "the_value": "323549.4",
            "pre_value": "323885"
        },
        {
            "show_date": null,
            "show_time": "0260",
            "master_name": "%",
            "master_ip": "%",
            "property_name": "%",
            "policy": "%",
            "the_value": "323549.25",
            "pre_value": "323885"
        },
        {
            "show_date": null,
            "show_time": "0305",
            "master_name": "%",
            "master_ip": "%",
            "property_name": "%",
            "policy": "%",
            "the_value": "323549.167",
            "pre_value": "323885.2"
        },
        {
            "show_date": null,
            "show_time": "0310",
            "master_name": "%",
            "master_ip": "%",
            "property_name": "%",
            "policy": "%",
            "the_value": "323549",
            "pre_value": "323885.167"
        },
        {
            "show_date": null,
            "show_time": "0315",
            "master_name": "%",
            "master_ip": "%",
            "property_name": "%",
            "policy": "%",
            "the_value": "323549",
            "pre_value": "323885"
        },
        {
            "show_date": null,
            "show_time": "0320",
            "master_name": "%",
            "master_ip": "%",
            "property_name": "%",
            "policy": "%",
            "the_value": "323549",
            "pre_value": "323885.2"
        },
        {
            "show_date": null,
            "show_time": "0325",
            "master_name": "%",
            "master_ip": "%",
            "property_name": "%",
            "policy": "%",
            "the_value": "323549.167",
            "pre_value": "323885"
        },
        {
            "show_date": null,
            "show_time": "0330",
            "master_name": "%",
            "master_ip": "%",
            "property_name": "%",
            "policy": "%",
            "the_value": "323545",
            "pre_value": "323885.167"
        },
        {
            "show_date": null,
            "show_time": "0335",
            "master_name": "%",
            "master_ip": "%",
            "property_name": "%",
            "policy": "%",
            "the_value": "323545.617",
            "pre_value": "323885"
        },
        {
            "show_date": null,
            "show_time": "0340",
            "master_name": "%",
            "master_ip": "%",
            "property_name": "%",
            "policy": "%",
            "the_value": "323545.143",
            "pre_value": "323885"
        },
        {
            "show_date": null,
            "show_time": "0345",
            "master_name": "%",
            "master_ip": "%",
            "property_name": "%",
            "policy": "%",
            "the_value": "323545",
            "pre_value": "323885.167"
        },
        {
            "show_date": null,
            "show_time": "0350",
            "master_name": "%",
            "master_ip": "%",
            "property_name": "%",
            "policy": "%",
            "the_value": "323545.2",
            "pre_value": "323885"
        },
        {
            "show_date": null,
            "show_time": "0355",
            "master_name": "%",
            "master_ip": "%",
            "property_name": "%",
            "policy": "%",
            "the_value": "323545",
            "pre_value": "323885.367"
        },
        {
            "show_date": null,
            "show_time": "0360",
            "master_name": "%",
            "master_ip": "%",
            "property_name": "%",
            "policy": "%",
            "the_value": "323545",
            "pre_value": "323885.617"
        },
        {
            "show_date": null,
            "show_time": "0405",
            "master_name": "%",
            "master_ip": "%",
            "property_name": "%",
            "policy": "%",
            "the_value": "323545",
            "pre_value": "323885"
        },
        {
            "show_date": null,
            "show_time": "0410",
            "master_name": "%",
            "master_ip": "%",
            "property_name": "%",
            "policy": "%",
            "the_value": "323545",
            "pre_value": "323885"
        },
        {
            "show_date": null,
            "show_time": "0415",
            "master_name": "%",
            "master_ip": "%",
            "property_name": "%",
            "policy": "%",
            "the_value": "323545",
            "pre_value": "323885"
        },
        {
            "show_date": null,
            "show_time": "0420",
            "master_name": "%",
            "master_ip": "%",
            "property_name": "%",
            "policy": "%",
            "the_value": "323545",
            "pre_value": "323885"
        },
        {
            "show_date": null,
            "show_time": "0425",
            "master_name": "%",
            "master_ip": "%",
            "property_name": "%",
            "policy": "%",
            "the_value": "323545.4",
            "pre_value": "323889"
        },
        {
            "show_date": null,
            "show_time": "0430",
            "master_name": "%",
            "master_ip": "%",
            "property_name": "%",
            "policy": "%",
            "the_value": "323545",
            "pre_value": "323889.167"
        },
        {
            "show_date": null,
            "show_time": "0435",
            "master_name": "%",
            "master_ip": "%",
            "property_name": "%",
            "policy": "%",
            "the_value": "323545",
            "pre_value": "323889.4"
        },
        {
            "show_date": null,
            "show_time": "0440",
            "master_name": "%",
            "master_ip": "%",
            "property_name": "%",
            "policy": "%",
            "the_value": "323549",
            "pre_value": "323889.167"
        },
        {
            "show_date": null,
            "show_time": "0445",
            "master_name": "%",
            "master_ip": "%",
            "property_name": "%",
            "policy": "%",
            "the_value": "323549.167",
            "pre_value": "323889"
        },
        {
            "show_date": null,
            "show_time": "0450",
            "master_name": "%",
            "master_ip": "%",
            "property_name": "%",
            "policy": "%",
            "the_value": "323549",
            "pre_value": "323889.8"
        },
        {
            "show_date": null,
            "show_time": "0455",
            "master_name": "%",
            "master_ip": "%",
            "property_name": "%",
            "policy": "%",
            "the_value": "323549.167",
            "pre_value": "323889.2"
        },
        {
            "show_date": null,
            "show_time": "0460",
            "master_name": "%",
            "master_ip": "%",
            "property_name": "%",
            "policy": "%",
            "the_value": "323549.167",
            "pre_value": "323889"
        },
        {
            "show_date": null,
            "show_time": "0505",
            "master_name": "%",
            "master_ip": "%",
            "property_name": "%",
            "policy": "%",
            "the_value": "323549",
            "pre_value": "323889"
        },
        {
            "show_date": null,
            "show_time": "0510",
            "master_name": "%",
            "master_ip": "%",
            "property_name": "%",
            "policy": "%",
            "the_value": "323549.4",
            "pre_value": "323889.2"
        },
        {
            "show_date": null,
            "show_time": "0515",
            "master_name": "%",
            "master_ip": "%",
            "property_name": "%",
            "policy": "%",
            "the_value": "323549.2",
            "pre_value": "323889"
        },
        {
            "show_date": null,
            "show_time": "0520",
            "master_name": "%",
            "master_ip": "%",
            "property_name": "%",
            "policy": "%",
            "the_value": "323549.333",
            "pre_value": "323889.333"
        },
        {
            "show_date": null,
            "show_time": "0525",
            "master_name": "%",
            "master_ip": "%",
            "property_name": "%",
            "policy": "%",
            "the_value": "323549",
            "pre_value": "323889.167"
        },
        {
            "show_date": null,
            "show_time": "0530",
            "master_name": "%",
            "master_ip": "%",
            "property_name": "%",
            "policy": "%",
            "the_value": "323549",
            "pre_value": "323889"
        },
        {
            "show_date": null,
            "show_time": "0535",
            "master_name": "%",
            "master_ip": "%",
            "property_name": "%",
            "policy": "%",
            "the_value": "323549.733",
            "pre_value": "323889.167"
        },
        {
            "show_date": null,
            "show_time": "0540",
            "master_name": "%",
            "master_ip": "%",
            "property_name": "%",
            "policy": "%",
            "the_value": "323549",
            "pre_value": "323889"
        },
        {
            "show_date": null,
            "show_time": "0545",
            "master_name": "%",
            "master_ip": "%",
            "property_name": "%",
            "policy": "%",
            "the_value": "323549.933",
            "pre_value": "323889.2"
        },
        {
            "show_date": null,
            "show_time": "0550",
            "master_name": "%",
            "master_ip": "%",
            "property_name": "%",
            "policy": "%",
            "the_value": "323549.333",
            "pre_value": "323889"
        },
        {
            "show_date": null,
            "show_time": "0555",
            "master_name": "%",
            "master_ip": "%",
            "property_name": "%",
            "policy": "%",
            "the_value": "323549.786",
            "pre_value": "323889.5"
        },
        {
            "show_date": null,
            "show_time": "0560",
            "master_name": "%",
            "master_ip": "%",
            "property_name": "%",
            "policy": "%",
            "the_value": "323549.2",
            "pre_value": "323889.167"
        },
        {
            "show_date": null,
            "show_time": "0605",
            "master_name": "%",
            "master_ip": "%",
            "property_name": "%",
            "policy": "%",
            "the_value": "323549",
            "pre_value": "323889"
        },
        {
            "show_date": null,
            "show_time": "0610",
            "master_name": "%",
            "master_ip": "%",
            "property_name": "%",
            "policy": "%",
            "the_value": "323549.2",
            "pre_value": "323889.167"
        },
        {
            "show_date": null,
            "show_time": "0615",
            "master_name": "%",
            "master_ip": "%",
            "property_name": "%",
            "policy": "%",
            "the_value": "323549",
            "pre_value": "323889"
        },
        {
            "show_date": null,
            "show_time": "0620",
            "master_name": "%",
            "master_ip": "%",
            "property_name": "%",
            "policy": "%",
            "the_value": "323549.5",
            "pre_value": "323889.2"
        },
        {
            "show_date": null,
            "show_time": "0625",
            "master_name": "%",
            "master_ip": "%",
            "property_name": "%",
            "policy": "%",
            "the_value": "323549.2",
            "pre_value": "323889.35"
        },
        {
            "show_date": null,
            "show_time": "0630",
            "master_name": "%",
            "master_ip": "%",
            "property_name": "%",
            "policy": "%",
            "the_value": "323549.167",
            "pre_value": "323893"
        },
        {
            "show_date": null,
            "show_time": "0635",
            "master_name": "%",
            "master_ip": "%",
            "property_name": "%",
            "policy": "%",
            "the_value": "323549.167",
            "pre_value": "323893"
        },
        {
            "show_date": null,
            "show_time": "0640",
            "master_name": "%",
            "master_ip": "%",
            "property_name": "%",
            "policy": "%",
            "the_value": "323549.167",
            "pre_value": "323893"
        },
        {
            "show_date": null,
            "show_time": "0645",
            "master_name": "%",
            "master_ip": "%",
            "property_name": "%",
            "policy": "%",
            "the_value": "323549",
            "pre_value": "323893.2"
        },
        {
            "show_date": null,
            "show_time": "0650",
            "master_name": "%",
            "master_ip": "%",
            "property_name": "%",
            "policy": "%",
            "the_value": "323549",
            "pre_value": "323893"
        },
        {
            "show_date": null,
            "show_time": "0655",
            "master_name": "%",
            "master_ip": "%",
            "property_name": "%",
            "policy": "%",
            "the_value": "323549.167",
            "pre_value": "323893.2"
        },
        {
            "show_date": null,
            "show_time": "0660",
            "master_name": "%",
            "master_ip": "%",
            "property_name": "%",
            "policy": "%",
            "the_value": "323549",
            "pre_value": "323893"
        },
        {
            "show_date": null,
            "show_time": "0705",
            "master_name": "%",
            "master_ip": "%",
            "property_name": "%",
            "policy": "%",
            "the_value": "323549.2",
            "pre_value": "323893.45"
        },
        {
            "show_date": null,
            "show_time": "0710",
            "master_name": "%",
            "master_ip": "%",
            "property_name": "%",
            "policy": "%",
            "the_value": "323549.4",
            "pre_value": "323893.2"
        },
        {
            "show_date": null,
            "show_time": "0715",
            "master_name": "%",
            "master_ip": "%",
            "property_name": "%",
            "policy": "%",
            "the_value": "323549",
            "pre_value": "323893"
        },
        {
            "show_date": null,
            "show_time": "0720",
            "master_name": "%",
            "master_ip": "%",
            "property_name": "%",
            "policy": "%",
            "the_value": "323549",
            "pre_value": "323893.167"
        },
        {
            "show_date": null,
            "show_time": "0725",
            "master_name": "%",
            "master_ip": "%",
            "property_name": "%",
            "policy": "%",
            "the_value": "323549.333",
            "pre_value": "323893.4"
        },
        {
            "show_date": null,
            "show_time": "0730",
            "master_name": "%",
            "master_ip": "%",
            "property_name": "%",
            "policy": "%",
            "the_value": "323549",
            "pre_value": "323893"
        },
        {
            "show_date": null,
            "show_time": "0735",
            "master_name": "%",
            "master_ip": "%",
            "property_name": "%",
            "policy": "%",
            "the_value": "323549.167",
            "pre_value": "323893.4"
        },
        {
            "show_date": null,
            "show_time": "0740",
            "master_name": "%",
            "master_ip": "%",
            "property_name": "%",
            "policy": "%",
            "the_value": "323549",
            "pre_value": "323893"
        },
        {
            "show_date": null,
            "show_time": "0745",
            "master_name": "%",
            "master_ip": "%",
            "property_name": "%",
            "policy": "%",
            "the_value": "323549.333",
            "pre_value": "323893.2"
        },
        {
            "show_date": null,
            "show_time": "0750",
            "master_name": "%",
            "master_ip": "%",
            "property_name": "%",
            "policy": "%",
            "the_value": "323549",
            "pre_value": "323893"
        },
        {
            "show_date": null,
            "show_time": "0755",
            "master_name": "%",
            "master_ip": "%",
            "property_name": "%",
            "policy": "%",
            "the_value": "323549",
            "pre_value": "323893.333"
        },
        {
            "show_date": null,
            "show_time": "0760",
            "master_name": "%",
            "master_ip": "%",
            "property_name": "%",
            "policy": "%",
            "the_value": "323549.167",
            "pre_value": "323893"
        },
        {
            "show_date": null,
            "show_time": "0805",
            "master_name": "%",
            "master_ip": "%",
            "property_name": "%",
            "policy": "%",
            "the_value": "323549.333",
            "pre_value": "323893"
        },
        {
            "show_date": null,
            "show_time": "0810",
            "master_name": "%",
            "master_ip": "%",
            "property_name": "%",
            "policy": "%",
            "the_value": "323549.2",
            "pre_value": "323893"
        },
        {
            "show_date": null,
            "show_time": "0815",
            "master_name": "%",
            "master_ip": "%",
            "property_name": "%",
            "policy": "%",
            "the_value": "323549",
            "pre_value": "323893"
        },
        {
            "show_date": null,
            "show_time": "0820",
            "master_name": "%",
            "master_ip": "%",
            "property_name": "%",
            "policy": "%",
            "the_value": "323549.733",
            "pre_value": "323893.167"
        },
        {
            "show_date": null,
            "show_time": "0825",
            "master_name": "%",
            "master_ip": "%",
            "property_name": "%",
            "policy": "%",
            "the_value": "323549.333",
            "pre_value": "323893"
        },
        {
            "show_date": null,
            "show_time": "0830",
            "master_name": "%",
            "master_ip": "%",
            "property_name": "%",
            "policy": "%",
            "the_value": "323549.617",
            "pre_value": "323893"
        },
        {
            "show_date": null,
            "show_time": "0835",
            "master_name": "%",
            "master_ip": "%",
            "property_name": "%",
            "policy": "%",
            "the_value": "323549.667",
            "pre_value": "323893"
        },
        {
            "show_date": null,
            "show_time": "0840",
            "master_name": "%",
            "master_ip": "%",
            "property_name": "%",
            "policy": "%",
            "the_value": "323549.429",
            "pre_value": "323893.333"
        },
        {
            "show_date": null,
            "show_time": "0845",
            "master_name": "%",
            "master_ip": "%",
            "property_name": "%",
            "policy": "%",
            "the_value": "323549",
            "pre_value": "323893.167"
        },
        {
            "show_date": null,
            "show_time": "0850",
            "master_name": "%",
            "master_ip": "%",
            "property_name": "%",
            "policy": "%",
            "the_value": "323549",
            "pre_value": "323893"
        },
        {
            "show_date": null,
            "show_time": "0855",
            "master_name": "%",
            "master_ip": "%",
            "property_name": "%",
            "policy": "%",
            "the_value": "323549",
            "pre_value": "323893.333"
        },
        {
            "show_date": null,
            "show_time": "0860",
            "master_name": "%",
            "master_ip": "%",
            "property_name": "%",
            "policy": "%",
            "the_value": "323549.583",
            "pre_value": "323893.4"
        },
        {
            "show_date": null,
            "show_time": "0905",
            "master_name": "%",
            "master_ip": "%",
            "property_name": "%",
            "policy": "%",
            "the_value": "323553.833",
            "pre_value": "323893.5"
        },
        {
            "show_date": null,
            "show_time": "0910",
            "master_name": "%",
            "master_ip": "%",
            "property_name": "%",
            "policy": "%",
            "the_value": "323553",
            "pre_value": "323893.167"
        },
        {
            "show_date": null,
            "show_time": "0915",
            "master_name": "%",
            "master_ip": "%",
            "property_name": "%",
            "policy": "%",
            "the_value": "323553",
            "pre_value": "323893.183"
        },
        {
            "show_date": null,
            "show_time": "0920",
            "master_name": "%",
            "master_ip": "%",
            "property_name": "%",
            "policy": "%",
            "the_value": "323553.533",
            "pre_value": "323893"
        },
        {
            "show_date": null,
            "show_time": "0925",
            "master_name": "%",
            "master_ip": "%",
            "property_name": "%",
            "policy": "%",
            "the_value": "323553",
            "pre_value": "323893.167"
        },
        {
            "show_date": null,
            "show_time": "0930",
            "master_name": "%",
            "master_ip": "%",
            "property_name": "%",
            "policy": "%",
            "the_value": "323553.65",
            "pre_value": "323893.2"
        },
        {
            "show_date": null,
            "show_time": "0935",
            "master_name": "%",
            "master_ip": "%",
            "property_name": "%",
            "policy": "%",
            "the_value": "323553",
            "pre_value": "323893.333"
        },
        {
            "show_date": null,
            "show_time": "0940",
            "master_name": "%",
            "master_ip": "%",
            "property_name": "%",
            "policy": "%",
            "the_value": "323553.367",
            "pre_value": "323893.533"
        },
        {
            "show_date": null,
            "show_time": "0945",
            "master_name": "%",
            "master_ip": "%",
            "property_name": "%",
            "policy": "%",
            "the_value": "323553.75",
            "pre_value": "323893"
        },
        {
            "show_date": null,
            "show_time": "0950",
            "master_name": "%",
            "master_ip": "%",
            "property_name": "%",
            "policy": "%",
            "the_value": "323553.4",
            "pre_value": "323893.333"
        },
        {
            "show_date": null,
            "show_time": "0955",
            "master_name": "%",
            "master_ip": "%",
            "property_name": "%",
            "policy": "%",
            "the_value": "323553.333",
            "pre_value": "323893.333"
        },
        {
            "show_date": null,
            "show_time": "0960",
            "master_name": "%",
            "master_ip": "%",
            "property_name": "%",
            "policy": "%",
            "the_value": "323553.333",
            "pre_value": "323893"
        },
        {
            "show_date": null,
            "show_time": "1005",
            "master_name": "%",
            "master_ip": "%",
            "property_name": "%",
            "policy": "%",
            "the_value": "323553.167",
            "pre_value": "323893.333"
        },
        {
            "show_date": null,
            "show_time": "1010",
            "master_name": "%",
            "master_ip": "%",
            "property_name": "%",
            "policy": "%",
            "the_value": "323553",
            "pre_value": "323893.4"
        },
        {
            "show_date": null,
            "show_time": "1015",
            "master_name": "%",
            "master_ip": "%",
            "property_name": "%",
            "policy": "%",
            "the_value": "323553.2",
            "pre_value": "323893.2"
        },
        {
            "show_date": null,
            "show_time": "1020",
            "master_name": "%",
            "master_ip": "%",
            "property_name": "%",
            "policy": "%",
            "the_value": "323553.167",
            "pre_value": "323893"
        },
        {
            "show_date": null,
            "show_time": "1025",
            "master_name": "%",
            "master_ip": "%",
            "property_name": "%",
            "policy": "%",
            "the_value": "323553.167",
            "pre_value": "323893"
        },
        {
            "show_date": null,
            "show_time": "1030",
            "master_name": "%",
            "master_ip": "%",
            "property_name": "%",
            "policy": "%",
            "the_value": "323553.417",
            "pre_value": "323893.183"
        },
        {
            "show_date": null,
            "show_time": "1035",
            "master_name": "%",
            "master_ip": "%",
            "property_name": "%",
            "policy": "%",
            "the_value": "323553",
            "pre_value": "323893"
        },
        {
            "show_date": null,
            "show_time": "1040",
            "master_name": "%",
            "master_ip": "%",
            "property_name": "%",
            "policy": "%",
            "the_value": "323553",
            "pre_value": "323893"
        },
        {
            "show_date": null,
            "show_time": "1045",
            "master_name": "%",
            "master_ip": "%",
            "property_name": "%",
            "policy": "%",
            "the_value": "323553.2",
            "pre_value": "323893"
        },
        {
            "show_date": null,
            "show_time": "1050",
            "master_name": "%",
            "master_ip": "%",
            "property_name": "%",
            "policy": "%",
            "the_value": "323554.167",
            "pre_value": "323893.267"
        },
        {
            "show_date": null,
            "show_time": "1055",
            "master_name": "%",
            "master_ip": "%",
            "property_name": "%",
            "policy": "%",
            "the_value": "323553.167",
            "pre_value": "323893"
        },
        {
            "show_date": null,
            "show_time": "1060",
            "master_name": "%",
            "master_ip": "%",
            "property_name": "%",
            "policy": "%",
            "the_value": "323553.567",
            "pre_value": "323893"
        },
        {
            "show_date": null,
            "show_time": "1105",
            "master_name": "%",
            "master_ip": "%",
            "property_name": "%",
            "policy": "%",
            "the_value": "323553.167",
            "pre_value": "323897.333"
        },
        {
            "show_date": null,
            "show_time": "1110",
            "master_name": "%",
            "master_ip": "%",
            "property_name": "%",
            "policy": "%",
            "the_value": "323553.167",
            "pre_value": "323897.367"
        },
        {
            "show_date": null,
            "show_time": "1115",
            "master_name": "%",
            "master_ip": "%",
            "property_name": "%",
            "policy": "%",
            "the_value": "323553.456",
            "pre_value": "323897"
        },
        {
            "show_date": null,
            "show_time": "1120",
            "master_name": "%",
            "master_ip": "%",
            "property_name": "%",
            "policy": "%",
            "the_value": "323553.5",
            "pre_value": "323897.4"
        },
        {
            "show_date": null,
            "show_time": "1125",
            "master_name": "%",
            "master_ip": "%",
            "property_name": "%",
            "policy": "%",
            "the_value": "323553",
            "pre_value": "323897"
        },
        {
            "show_date": null,
            "show_time": "1130",
            "master_name": "%",
            "master_ip": "%",
            "property_name": "%",
            "policy": "%",
            "the_value": "323553.167",
            "pre_value": "323897.167"
        },
        {
            "show_date": null,
            "show_time": "1135",
            "master_name": "%",
            "master_ip": "%",
            "property_name": "%",
            "policy": "%",
            "the_value": "323553.4",
            "pre_value": "323949.367"
        },
        {
            "show_date": null,
            "show_time": "1140",
            "master_name": "%",
            "master_ip": "%",
            "property_name": "%",
            "policy": "%",
            "the_value": "323553",
            "pre_value": "323949"
        },
        {
            "show_date": null,
            "show_time": "1145",
            "master_name": "%",
            "master_ip": "%",
            "property_name": "%",
            "policy": "%",
            "the_value": "323553",
            "pre_value": "323949.167"
        },
        {
            "show_date": null,
            "show_time": "1150",
            "master_name": "%",
            "master_ip": "%",
            "property_name": "%",
            "policy": "%",
            "the_value": "323553",
            "pre_value": "323949.2"
        },
        {
            "show_date": null,
            "show_time": "1155",
            "master_name": "%",
            "master_ip": "%",
            "property_name": "%",
            "policy": "%",
            "the_value": "323557.167",
            "pre_value": "323949.167"
        },
        {
            "show_date": null,
            "show_time": "1160",
            "master_name": "%",
            "master_ip": "%",
            "property_name": "%",
            "policy": "%",
            "the_value": "323557.333",
            "pre_value": "323949.367"
        },
        {
            "show_date": null,
            "show_time": "1205",
            "master_name": "%",
            "master_ip": "%",
            "property_name": "%",
            "policy": "%",
            "the_value": "323557.167",
            "pre_value": "323949"
        },
        {
            "show_date": null,
            "show_time": "1210",
            "master_name": "%",
            "master_ip": "%",
            "property_name": "%",
            "policy": "%",
            "the_value": "323557.733",
            "pre_value": "323949.2"
        },
        {
            "show_date": null,
            "show_time": "1215",
            "master_name": "%",
            "master_ip": "%",
            "property_name": "%",
            "policy": "%",
            "the_value": "323557",
            "pre_value": "323949.2"
        },
        {
            "show_date": null,
            "show_time": "1220",
            "master_name": "%",
            "master_ip": "%",
            "property_name": "%",
            "policy": "%",
            "the_value": "323557",
            "pre_value": "323949"
        },
        {
            "show_date": null,
            "show_time": "1225",
            "master_name": "%",
            "master_ip": "%",
            "property_name": "%",
            "policy": "%",
            "the_value": "323557.333",
            "pre_value": "323949.167"
        },
        {
            "show_date": null,
            "show_time": "1230",
            "master_name": "%",
            "master_ip": "%",
            "property_name": "%",
            "policy": "%",
            "the_value": "323557",
            "pre_value": "323949"
        },
        {
            "show_date": null,
            "show_time": "1235",
            "master_name": "%",
            "master_ip": "%",
            "property_name": "%",
            "policy": "%",
            "the_value": "323557",
            "pre_value": "323949.333"
        },
        {
            "show_date": null,
            "show_time": "1240",
            "master_name": "%",
            "master_ip": "%",
            "property_name": "%",
            "policy": "%",
            "the_value": "323557.6",
            "pre_value": "323949.167"
        },
        {
            "show_date": null,
            "show_time": "1245",
            "master_name": "%",
            "master_ip": "%",
            "property_name": "%",
            "policy": "%",
            "the_value": "323557",
            "pre_value": "323949"
        },
        {
            "show_date": null,
            "show_time": "1250",
            "master_name": "%",
            "master_ip": "%",
            "property_name": "%",
            "policy": "%",
            "the_value": "323557.167",
            "pre_value": "323949"
        },
        {
            "show_date": null,
            "show_time": "1255",
            "master_name": "%",
            "master_ip": "%",
            "property_name": "%",
            "policy": "%",
            "the_value": "323557.2",
            "pre_value": "323949"
        },
        {
            "show_date": null,
            "show_time": "1260",
            "master_name": "%",
            "master_ip": "%",
            "property_name": "%",
            "policy": "%",
            "the_value": "323557.333",
            "pre_value": "323949.167"
        },
        {
            "show_date": null,
            "show_time": "1305",
            "master_name": "%",
            "master_ip": "%",
            "property_name": "%",
            "policy": "%",
            "the_value": "323557.4",
            "pre_value": "323949"
        },
        {
            "show_date": null,
            "show_time": "1310",
            "master_name": "%",
            "master_ip": "%",
            "property_name": "%",
            "policy": "%",
            "the_value": "323557.167",
            "pre_value": "323949.2"
        },
        {
            "show_date": null,
            "show_time": "1315",
            "master_name": "%",
            "master_ip": "%",
            "property_name": "%",
            "policy": "%",
            "the_value": "323557.333",
            "pre_value": "323949.167"
        },
        {
            "show_date": null,
            "show_time": "1320",
            "master_name": "%",
            "master_ip": "%",
            "property_name": "%",
            "policy": "%",
            "the_value": "323557",
            "pre_value": "323949.6"
        },
        {
            "show_date": null,
            "show_time": "1325",
            "master_name": "%",
            "master_ip": "%",
            "property_name": "%",
            "policy": "%",
            "the_value": "323557",
            "pre_value": "323949"
        },
        {
            "show_date": null,
            "show_time": "1330",
            "master_name": "%",
            "master_ip": "%",
            "property_name": "%",
            "policy": "%",
            "the_value": "323561",
            "pre_value": "323949"
        },
        {
            "show_date": null,
            "show_time": "1335",
            "master_name": "%",
            "master_ip": "%",
            "property_name": "%",
            "policy": "%",
            "the_value": "323561",
            "pre_value": "323949"
        },
        {
            "show_date": null,
            "show_time": "1340",
            "master_name": "%",
            "master_ip": "%",
            "property_name": "%",
            "policy": "%",
            "the_value": "323561",
            "pre_value": "323949.85"
        },
        {
            "show_date": null,
            "show_time": "1345",
            "master_name": "%",
            "master_ip": "%",
            "property_name": "%",
            "policy": "%",
            "the_value": "323561.567",
            "pre_value": "323949"
        },
        {
            "show_date": null,
            "show_time": "1350",
            "master_name": "%",
            "master_ip": "%",
            "property_name": "%",
            "policy": "%",
            "the_value": "323561",
            "pre_value": "323949.167"
        },
        {
            "show_date": null,
            "show_time": "1355",
            "master_name": "%",
            "master_ip": "%",
            "property_name": "%",
            "policy": "%",
            "the_value": "323561",
            "pre_value": "323949.167"
        },
        {
            "show_date": null,
            "show_time": "1360",
            "master_name": "%",
            "master_ip": "%",
            "property_name": "%",
            "policy": "%",
            "the_value": "323561.167",
            "pre_value": "323805.333"
        },
        {
            "show_date": null,
            "show_time": "1405",
            "master_name": "%",
            "master_ip": "%",
            "property_name": "%",
            "policy": "%",
            "the_value": "323561",
            "pre_value": "323805.167"
        },
        {
            "show_date": null,
            "show_time": "1410",
            "master_name": "%",
            "master_ip": "%",
            "property_name": "%",
            "policy": "%",
            "the_value": "323561",
            "pre_value": "323701"
        },
        {
            "show_date": null,
            "show_time": "1415",
            "master_name": "%",
            "master_ip": "%",
            "property_name": "%",
            "policy": "%",
            "the_value": "323561",
            "pre_value": "323701"
        },
        {
            "show_date": null,
            "show_time": "1420",
            "master_name": "%",
            "master_ip": "%",
            "property_name": "%",
            "policy": "%",
            "the_value": "323561.7",
            "pre_value": "323701.4"
        },
        {
            "show_date": null,
            "show_time": "1425",
            "master_name": "%",
            "master_ip": "%",
            "property_name": "%",
            "policy": "%",
            "the_value": "323561",
            "pre_value": "323701.6"
        },
        {
            "show_date": null,
            "show_time": "1430",
            "master_name": "%",
            "master_ip": "%",
            "property_name": "%",
            "policy": "%",
            "the_value": "323561.167",
            "pre_value": "323701.333"
        },
        {
            "show_date": null,
            "show_time": "1435",
            "master_name": "%",
            "master_ip": "%",
            "property_name": "%",
            "policy": "%",
            "the_value": "323561.333",
            "pre_value": "323545.167"
        },
        {
            "show_date": null,
            "show_time": "1440",
            "master_name": "%",
            "master_ip": "%",
            "property_name": "%",
            "policy": "%",
            "the_value": "323561.417",
            "pre_value": "323545"
        },
        {
            "show_date": null,
            "show_time": "1445",
            "master_name": "%",
            "master_ip": "%",
            "property_name": "%",
            "policy": "%",
            "the_value": "323561.667",
            "pre_value": "323545.4"
        },
        {
            "show_date": null,
            "show_time": "1450",
            "master_name": "%",
            "master_ip": "%",
            "property_name": "%",
            "policy": "%",
            "the_value": "323561.5",
            "pre_value": "323545"
        },
        {
            "show_date": null,
            "show_time": "1455",
            "master_name": "%",
            "master_ip": "%",
            "property_name": "%",
            "policy": "%",
            "the_value": "323561.917",
            "pre_value": "323545.2"
        },
        {
            "show_date": null,
            "show_time": "1460",
            "master_name": "%",
            "master_ip": "%",
            "property_name": "%",
            "policy": "%",
            "the_value": "323561",
            "pre_value": "323545"
        },
        {
            "show_date": null,
            "show_time": "1505",
            "master_name": "%",
            "master_ip": "%",
            "property_name": "%",
            "policy": "%",
            "the_value": "323561.167",
            "pre_value": "323545.35"
        },
        {
            "show_date": null,
            "show_time": "1510",
            "master_name": "%",
            "master_ip": "%",
            "property_name": "%",
            "policy": "%",
            "the_value": "323561",
            "pre_value": "323545"
        },
        {
            "show_date": null,
            "show_time": "1515",
            "master_name": "%",
            "master_ip": "%",
            "property_name": "%",
            "policy": "%",
            "the_value": "323561",
            "pre_value": "323545.2"
        },
        {
            "show_date": null,
            "show_time": "1520",
            "master_name": "%",
            "master_ip": "%",
            "property_name": "%",
            "policy": "%",
            "the_value": "323561.167",
            "pre_value": "323545"
        },
        {
            "show_date": null,
            "show_time": "1525",
            "master_name": "%",
            "master_ip": "%",
            "property_name": "%",
            "policy": "%",
            "the_value": "323561.4",
            "pre_value": "323545"
        },
        {
            "show_date": null,
            "show_time": "1530",
            "master_name": "%",
            "master_ip": "%",
            "property_name": "%",
            "policy": "%",
            "the_value": "323561.367",
            "pre_value": "323545.167"
        },
        {
            "show_date": null,
            "show_time": "1535",
            "master_name": "%",
            "master_ip": "%",
            "property_name": "%",
            "policy": "%",
            "the_value": "323561.167",
            "pre_value": "323545"
        },
        {
            "show_date": null,
            "show_time": "1540",
            "master_name": "%",
            "master_ip": "%",
            "property_name": "%",
            "policy": "%",
            "the_value": "323874.033",
            "pre_value": "323545.333"
        },
        {
            "show_date": null,
            "show_time": "1545",
            "master_name": "%",
            "master_ip": "%",
            "property_name": "%",
            "policy": "%",
            "the_value": "317809.333",
            "pre_value": "323549.167"
        },
        {
            "show_date": null,
            "show_time": "1550",
            "master_name": "%",
            "master_ip": "%",
            "property_name": "%",
            "policy": "%",
            "the_value": "317837.678",
            "pre_value": "323549"
        },
        {
            "show_date": null,
            "show_time": "1555",
            "master_name": "%",
            "master_ip": "%",
            "property_name": "%",
            "policy": "%",
            "the_value": "317842.044",
            "pre_value": "323549"
        },
        {
            "show_date": null,
            "show_time": "1560",
            "master_name": "%",
            "master_ip": "%",
            "property_name": "%",
            "policy": "%",
            "the_value": "317857.667",
            "pre_value": "323549.2"
        },
        {
            "show_date": null,
            "show_time": "1605",
            "master_name": "%",
            "master_ip": "%",
            "property_name": "%",
            "policy": "%",
            "the_value": "317877.667",
            "pre_value": "323549.333"
        },
        {
            "show_date": null,
            "show_time": "1610",
            "master_name": "%",
            "master_ip": "%",
            "property_name": "%",
            "policy": "%",
            "the_value": "317889.778",
            "pre_value": "323549"
        },
        {
            "show_date": null,
            "show_time": "1615",
            "master_name": "%",
            "master_ip": "%",
            "property_name": "%",
            "policy": "%",
            "the_value": "317893.433",
            "pre_value": "323550"
        },
        {
            "show_date": null,
            "show_time": "1620",
            "master_name": "%",
            "master_ip": "%",
            "property_name": "%",
            "policy": "%",
            "the_value": "317905.8",
            "pre_value": "323549.143"
        },
        {
            "show_date": null,
            "show_time": "1625",
            "master_name": "%",
            "master_ip": "%",
            "property_name": "%",
            "policy": "%",
            "the_value": "317917.4",
            "pre_value": "323541.2"
        },
        {
            "show_date": null,
            "show_time": "1630",
            "master_name": "%",
            "master_ip": "%",
            "property_name": "%",
            "policy": "%",
            "the_value": "317917.733",
            "pre_value": "323541"
        },
        {
            "show_date": null,
            "show_time": "1635",
            "master_name": "%",
            "master_ip": "%",
            "property_name": "%",
            "policy": "%",
            "the_value": "317921",
            "pre_value": "323541.567"
        },
        {
            "show_date": null,
            "show_time": "1640",
            "master_name": "%",
            "master_ip": "%",
            "property_name": "%",
            "policy": "%",
            "the_value": "317921",
            "pre_value": "323541"
        },
        {
            "show_date": null,
            "show_time": "1645",
            "master_name": "%",
            "master_ip": "%",
            "property_name": "%",
            "policy": "%",
            "the_value": "317921.667",
            "pre_value": "323541"
        },
        {
            "show_date": null,
            "show_time": "1650",
            "master_name": "%",
            "master_ip": "%",
            "property_name": "%",
            "policy": "%",
            "the_value": "317926.089",
            "pre_value": "323541"
        },
        {
            "show_date": null,
            "show_time": "1655",
            "master_name": "%",
            "master_ip": "%",
            "property_name": "%",
            "policy": "%",
            "the_value": "317929.667",
            "pre_value": "323541.4"
        },
        {
            "show_date": null,
            "show_time": "1660",
            "master_name": "%",
            "master_ip": "%",
            "property_name": "%",
            "policy": "%",
            "the_value": "317929.444",
            "pre_value": "323541"
        },
        {
            "show_date": null,
            "show_time": "1705",
            "master_name": "%",
            "master_ip": "%",
            "property_name": "%",
            "policy": "%",
            "the_value": "317937.522",
            "pre_value": "323541.2"
        },
        {
            "show_date": null,
            "show_time": "1710",
            "master_name": "%",
            "master_ip": "%",
            "property_name": "%",
            "policy": "%",
            "the_value": "317937.711",
            "pre_value": "323541"
        },
        {
            "show_date": null,
            "show_time": "1715",
            "master_name": "%",
            "master_ip": "%",
            "property_name": "%",
            "policy": "%",
            "the_value": "317937.867",
            "pre_value": "323541"
        },
        {
            "show_date": null,
            "show_time": "1720",
            "master_name": "%",
            "master_ip": "%",
            "property_name": "%",
            "policy": "%",
            "the_value": "317939",
            "pre_value": "323541"
        },
        {
            "show_date": null,
            "show_time": "1725",
            "master_name": "%",
            "master_ip": "%",
            "property_name": "%",
            "policy": "%",
            "the_value": "317937.807",
            "pre_value": "323541"
        },
        {
            "show_date": null,
            "show_time": "1730",
            "master_name": "%",
            "master_ip": "%",
            "property_name": "%",
            "policy": "%",
            "the_value": "318233.756",
            "pre_value": "323541"
        },
        {
            "show_date": null,
            "show_time": "1735",
            "master_name": "%",
            "master_ip": "%",
            "property_name": "%",
            "policy": "%",
            "the_value": "318242.467",
            "pre_value": "323541.85"
        },
        {
            "show_date": null,
            "show_time": "1740",
            "master_name": "%",
            "master_ip": "%",
            "property_name": "%",
            "policy": "%",
            "the_value": "318245.4",
            "pre_value": "323541"
        },
        {
            "show_date": null,
            "show_time": "1745",
            "master_name": "%",
            "master_ip": "%",
            "property_name": "%",
            "policy": "%",
            "the_value": "318245",
            "pre_value": "323541.2"
        },
        {
            "show_date": null,
            "show_time": "1750",
            "master_name": "%",
            "master_ip": "%",
            "property_name": "%",
            "policy": "%",
            "the_value": "318246.283",
            "pre_value": "323541.2"
        },
        {
            "show_date": null,
            "show_time": "1755",
            "master_name": "%",
            "master_ip": "%",
            "property_name": "%",
            "policy": "%",
            "the_value": "318246.513",
            "pre_value": "323541.2"
        },
        {
            "show_date": null,
            "show_time": "1760",
            "master_name": "%",
            "master_ip": "%",
            "property_name": "%",
            "policy": "%",
            "the_value": "318246.793",
            "pre_value": "323541"
        },
        {
            "show_date": null,
            "show_time": "1805",
            "master_name": "%",
            "master_ip": "%",
            "property_name": "%",
            "policy": "%",
            "the_value": "318245.5",
            "pre_value": "323541.567"
        },
        {
            "show_date": null,
            "show_time": "1810",
            "master_name": "%",
            "master_ip": "%",
            "property_name": "%",
            "policy": "%",
            "the_value": "318245.7",
            "pre_value": "323541.6"
        },
        {
            "show_date": null,
            "show_time": "1815",
            "master_name": "%",
            "master_ip": "%",
            "property_name": "%",
            "policy": "%",
            "the_value": "318246.07",
            "pre_value": "323541.2"
        },
        {
            "show_date": null,
            "show_time": "1820",
            "master_name": "%",
            "master_ip": "%",
            "property_name": "%",
            "policy": "%",
            "the_value": "318522.358",
            "pre_value": "323541"
        },
        {
            "show_date": null,
            "show_time": "1825",
            "master_name": "%",
            "master_ip": "%",
            "property_name": "%",
            "policy": "%",
            "the_value": "318522.025",
            "pre_value": "323541.567"
        },
        {
            "show_date": null,
            "show_time": "1830",
            "master_name": "%",
            "master_ip": "%",
            "property_name": "%",
            "policy": "%",
            "the_value": "318521.989",
            "pre_value": "323541.183"
        },
        {
            "show_date": null,
            "show_time": "1835",
            "master_name": "%",
            "master_ip": "%",
            "property_name": "%",
            "policy": "%",
            "the_value": "318525.833",
            "pre_value": "323541.2"
        },
        {
            "show_date": null,
            "show_time": "1840",
            "master_name": "%",
            "master_ip": "%",
            "property_name": "%",
            "policy": "%",
            "the_value": "318525.333",
            "pre_value": "323541"
        },
        {
            "show_date": null,
            "show_time": "1845",
            "master_name": "%",
            "master_ip": "%",
            "property_name": "%",
            "policy": "%",
            "the_value": "318525.656",
            "pre_value": "323541.333"
        },
        {
            "show_date": null,
            "show_time": "1850",
            "master_name": "%",
            "master_ip": "%",
            "property_name": "%",
            "policy": "%",
            "the_value": "318525.667",
            "pre_value": "323541"
        },
        {
            "show_date": null,
            "show_time": "1855",
            "master_name": "%",
            "master_ip": "%",
            "property_name": "%",
            "policy": "%",
            "the_value": "318525.507",
            "pre_value": "323541"
        },
        {
            "show_date": null,
            "show_time": "1860",
            "master_name": "%",
            "master_ip": "%",
            "property_name": "%",
            "policy": "%",
            "the_value": "318542.117",
            "pre_value": "323541.333"
        },
        {
            "show_date": null,
            "show_time": "1905",
            "master_name": "%",
            "master_ip": "%",
            "property_name": "%",
            "policy": "%",
            "the_value": "318541.653",
            "pre_value": "323541.167"
        },
        {
            "show_date": null,
            "show_time": "1910",
            "master_name": "%",
            "master_ip": "%",
            "property_name": "%",
            "policy": "%",
            "the_value": "318541.75",
            "pre_value": "323541"
        },
        {
            "show_date": null,
            "show_time": "1915",
            "master_name": "%",
            "master_ip": "%",
            "property_name": "%",
            "policy": "%",
            "the_value": "318542.133",
            "pre_value": "323541.167"
        },
        {
            "show_date": null,
            "show_time": "1920",
            "master_name": "%",
            "master_ip": "%",
            "property_name": "%",
            "policy": "%",
            "the_value": "318541.411",
            "pre_value": "323541.167"
        },
        {
            "show_date": null,
            "show_time": "1925",
            "master_name": "%",
            "master_ip": "%",
            "property_name": "%",
            "policy": "%",
            "the_value": "318545.683",
            "pre_value": "323541.4"
        },
        {
            "show_date": null,
            "show_time": "1930",
            "master_name": "%",
            "master_ip": "%",
            "property_name": "%",
            "policy": "%",
            "the_value": "318545.733",
            "pre_value": "323541.2"
        },
        {
            "show_date": null,
            "show_time": "1935",
            "master_name": "%",
            "master_ip": "%",
            "property_name": "%",
            "policy": "%",
            "the_value": "--",
            "pre_value": "323541"
        },
        {
            "show_date": null,
            "show_time": "1940",
            "master_name": "%",
            "master_ip": "%",
            "property_name": "%",
            "policy": "%",
            "the_value": "--",
            "pre_value": "323541"
        },
        {
            "show_date": null,
            "show_time": "1945",
            "master_name": "%",
            "master_ip": "%",
            "property_name": "%",
            "policy": "%",
            "the_value": "--",
            "pre_value": "323541.267"
        },
        {
            "show_date": null,
            "show_time": "1950",
            "master_name": "%",
            "master_ip": "%",
            "property_name": "%",
            "policy": "%",
            "the_value": "--",
            "pre_value": "323541"
        },
        {
            "show_date": null,
            "show_time": "1955",
            "master_name": "%",
            "master_ip": "%",
            "property_name": "%",
            "policy": "%",
            "the_value": "--",
            "pre_value": "323541"
        },
        {
            "show_date": null,
            "show_time": "1960",
            "master_name": "%",
            "master_ip": "%",
            "property_name": "%",
            "policy": "%",
            "the_value": "--",
            "pre_value": "323541.283"
        },
        {
            "show_date": null,
            "show_time": "2005",
            "master_name": "%",
            "master_ip": "%",
            "property_name": "%",
            "policy": "%",
            "the_value": "--",
            "pre_value": "323541.2"
        },
        {
            "show_date": null,
            "show_time": "2010",
            "master_name": "%",
            "master_ip": "%",
            "property_name": "%",
            "policy": "%",
            "the_value": "--",
            "pre_value": "323541.533"
        },
        {
            "show_date": null,
            "show_time": "2015",
            "master_name": "%",
            "master_ip": "%",
            "property_name": "%",
            "policy": "%",
            "the_value": "--",
            "pre_value": "323541"
        },
        {
            "show_date": null,
            "show_time": "2020",
            "master_name": "%",
            "master_ip": "%",
            "property_name": "%",
            "policy": "%",
            "the_value": "--",
            "pre_value": "323541"
        },
        {
            "show_date": null,
            "show_time": "2025",
            "master_name": "%",
            "master_ip": "%",
            "property_name": "%",
            "policy": "%",
            "the_value": "--",
            "pre_value": "323541.333"
        },
        {
            "show_date": null,
            "show_time": "2030",
            "master_name": "%",
            "master_ip": "%",
            "property_name": "%",
            "policy": "%",
            "the_value": "--",
            "pre_value": "323541"
        },
        {
            "show_date": null,
            "show_time": "2035",
            "master_name": "%",
            "master_ip": "%",
            "property_name": "%",
            "policy": "%",
            "the_value": "--",
            "pre_value": "323541"
        },
        {
            "show_date": null,
            "show_time": "2040",
            "master_name": "%",
            "master_ip": "%",
            "property_name": "%",
            "policy": "%",
            "the_value": "--",
            "pre_value": "323541.367"
        },
        {
            "show_date": null,
            "show_time": "2045",
            "master_name": "%",
            "master_ip": "%",
            "property_name": "%",
            "policy": "%",
            "the_value": "--",
            "pre_value": "323541.4"
        },
        {
            "show_date": null,
            "show_time": "2050",
            "master_name": "%",
            "master_ip": "%",
            "property_name": "%",
            "policy": "%",
            "the_value": "--",
            "pre_value": "323545"
        },
        {
            "show_date": null,
            "show_time": "2055",
            "master_name": "%",
            "master_ip": "%",
            "property_name": "%",
            "policy": "%",
            "the_value": "--",
            "pre_value": "323545"
        },
        {
            "show_date": null,
            "show_time": "2060",
            "master_name": "%",
            "master_ip": "%",
            "property_name": "%",
            "policy": "%",
            "the_value": "--",
            "pre_value": "323545.167"
        },
        {
            "show_date": null,
            "show_time": "2105",
            "master_name": "%",
            "master_ip": "%",
            "property_name": "%",
            "policy": "%",
            "the_value": "--",
            "pre_value": "323545.167"
        },
        {
            "show_date": null,
            "show_time": "2110",
            "master_name": "%",
            "master_ip": "%",
            "property_name": "%",
            "policy": "%",
            "the_value": "--",
            "pre_value": "323545.2"
        },
        {
            "show_date": null,
            "show_time": "2115",
            "master_name": "%",
            "master_ip": "%",
            "property_name": "%",
            "policy": "%",
            "the_value": "--",
            "pre_value": "323545"
        },
        {
            "show_date": null,
            "show_time": "2120",
            "master_name": "%",
            "master_ip": "%",
            "property_name": "%",
            "policy": "%",
            "the_value": "--",
            "pre_value": "323545.167"
        },
        {
            "show_date": null,
            "show_time": "2125",
            "master_name": "%",
            "master_ip": "%",
            "property_name": "%",
            "policy": "%",
            "the_value": "--",
            "pre_value": "323541"
        },
        {
            "show_date": null,
            "show_time": "2130",
            "master_name": "%",
            "master_ip": "%",
            "property_name": "%",
            "policy": "%",
            "the_value": "--",
            "pre_value": "323541"
        },
        {
            "show_date": null,
            "show_time": "2135",
            "master_name": "%",
            "master_ip": "%",
            "property_name": "%",
            "policy": "%",
            "the_value": "--",
            "pre_value": "323541.167"
        },
        {
            "show_date": null,
            "show_time": "2140",
            "master_name": "%",
            "master_ip": "%",
            "property_name": "%",
            "policy": "%",
            "the_value": "--",
            "pre_value": "323541.5"
        },
        {
            "show_date": null,
            "show_time": "2145",
            "master_name": "%",
            "master_ip": "%",
            "property_name": "%",
            "policy": "%",
            "the_value": "--",
            "pre_value": "323541"
        },
        {
            "show_date": null,
            "show_time": "2150",
            "master_name": "%",
            "master_ip": "%",
            "property_name": "%",
            "policy": "%",
            "the_value": "--",
            "pre_value": "323541.367"
        },
        {
            "show_date": null,
            "show_time": "2155",
            "master_name": "%",
            "master_ip": "%",
            "property_name": "%",
            "policy": "%",
            "the_value": "--",
            "pre_value": "323541"
        },
        {
            "show_date": null,
            "show_time": "2160",
            "master_name": "%",
            "master_ip": "%",
            "property_name": "%",
            "policy": "%",
            "the_value": "--",
            "pre_value": "323541"
        },
        {
            "show_date": null,
            "show_time": "2205",
            "master_name": "%",
            "master_ip": "%",
            "property_name": "%",
            "policy": "%",
            "the_value": "--",
            "pre_value": "323541.333"
        },
        {
            "show_date": null,
            "show_time": "2210",
            "master_name": "%",
            "master_ip": "%",
            "property_name": "%",
            "policy": "%",
            "the_value": "--",
            "pre_value": "323541"
        },
        {
            "show_date": null,
            "show_time": "2215",
            "master_name": "%",
            "master_ip": "%",
            "property_name": "%",
            "policy": "%",
            "the_value": "--",
            "pre_value": "323541"
        },
        {
            "show_date": null,
            "show_time": "2220",
            "master_name": "%",
            "master_ip": "%",
            "property_name": "%",
            "policy": "%",
            "the_value": "--",
            "pre_value": "323541"
        },
        {
            "show_date": null,
            "show_time": "2225",
            "master_name": "%",
            "master_ip": "%",
            "property_name": "%",
            "policy": "%",
            "the_value": "--",
            "pre_value": "323541.167"
        },
        {
            "show_date": null,
            "show_time": "2230",
            "master_name": "%",
            "master_ip": "%",
            "property_name": "%",
            "policy": "%",
            "the_value": "--",
            "pre_value": "323541.2"
        },
        {
            "show_date": null,
            "show_time": "2235",
            "master_name": "%",
            "master_ip": "%",
            "property_name": "%",
            "policy": "%",
            "the_value": "--",
            "pre_value": "323541"
        },
        {
            "show_date": null,
            "show_time": "2240",
            "master_name": "%",
            "master_ip": "%",
            "property_name": "%",
            "policy": "%",
            "the_value": "--",
            "pre_value": "323541.9"
        },
        {
            "show_date": null,
            "show_time": "2245",
            "master_name": "%",
            "master_ip": "%",
            "property_name": "%",
            "policy": "%",
            "the_value": "--",
            "pre_value": "323541"
        },
        {
            "show_date": null,
            "show_time": "2250",
            "master_name": "%",
            "master_ip": "%",
            "property_name": "%",
            "policy": "%",
            "the_value": "--",
            "pre_value": "323541.167"
        },
        {
            "show_date": null,
            "show_time": "2255",
            "master_name": "%",
            "master_ip": "%",
            "property_name": "%",
            "policy": "%",
            "the_value": "--",
            "pre_value": "323541.2"
        },
        {
            "show_date": null,
            "show_time": "2260",
            "master_name": "%",
            "master_ip": "%",
            "property_name": "%",
            "policy": "%",
            "the_value": "--",
            "pre_value": "323541.783"
        },
        {
            "show_date": null,
            "show_time": "2305",
            "master_name": "%",
            "master_ip": "%",
            "property_name": "%",
            "policy": "%",
            "the_value": "--",
            "pre_value": "323541.333"
        },
        {
            "show_date": null,
            "show_time": "2310",
            "master_name": "%",
            "master_ip": "%",
            "property_name": "%",
            "policy": "%",
            "the_value": "--",
            "pre_value": "323541"
        },
        {
            "show_date": null,
            "show_time": "2315",
            "master_name": "%",
            "master_ip": "%",
            "property_name": "%",
            "policy": "%",
            "the_value": "--",
            "pre_value": "323541.167"
        },
        {
            "show_date": null,
            "show_time": "2320",
            "master_name": "%",
            "master_ip": "%",
            "property_name": "%",
            "policy": "%",
            "the_value": "--",
            "pre_value": "323541.167"
        },
        {
            "show_date": null,
            "show_time": "2325",
            "master_name": "%",
            "master_ip": "%",
            "property_name": "%",
            "policy": "%",
            "the_value": "--",
            "pre_value": "323541"
        },
        {
            "show_date": null,
            "show_time": "2330",
            "master_name": "%",
            "master_ip": "%",
            "property_name": "%",
            "policy": "%",
            "the_value": "--",
            "pre_value": "323541"
        },
        {
            "show_date": null,
            "show_time": "2335",
            "master_name": "%",
            "master_ip": "%",
            "property_name": "%",
            "policy": "%",
            "the_value": "--",
            "pre_value": "323541.6"
        },
        {
            "show_date": null,
            "show_time": "2340",
            "master_name": "%",
            "master_ip": "%",
            "property_name": "%",
            "policy": "%",
            "the_value": "--",
            "pre_value": "323541.333"
        },
        {
            "show_date": null,
            "show_time": "2345",
            "master_name": "%",
            "master_ip": "%",
            "property_name": "%",
            "policy": "%",
            "the_value": "--",
            "pre_value": "323541.333"
        },
        {
            "show_date": null,
            "show_time": "2350",
            "master_name": "%",
            "master_ip": "%",
            "property_name": "%",
            "policy": "%",
            "the_value": "--",
            "pre_value": "323541.167"
        },
        {
            "show_date": null,
            "show_time": "2355",
            "master_name": "%",
            "master_ip": "%",
            "property_name": "%",
            "policy": "%",
            "the_value": "--",
            "pre_value": "323541.4"
        },
        {
            "show_date": null,
            "show_time": "2360",
            "master_name": "%",
            "master_ip": "%",
            "property_name": "%",
            "policy": "%",
            "the_value": "--",
            "pre_value": "323541.25"
        }
    ]
}
