{
  "ret_code": 200,
  "data":
  {
    "id": 83,
    "application": "testzhifei",
    "server_name": "testzhifei",
    "node_name": "172.16.0.161",
    "adapter_name": "testzhifei.testzhifei.asdasdAdapter",
    "thread_num": 3,
    "endpoint": "tcp -h 172.16.0.161 -t 60000 -p 3334",
    "max_connections": 200000,
    "allow_ip": "",
    "servant": "testzhifei.testzhifei.asdasd",
    "queuecap": 10000,
    "queuetimeout": 60000,
    "posttime": "2018-03-29 19:36:27",
    "protocol": "tars",
    "handlegroup": ""
  }
}